{
  "AUC": 0.9640908734437801,
  "EER": 0.11386138613861387,
  "F1": 0.9162929745889388,
  "Accuracy": 0.8588658865886588
}